Model,Accuracy,F1-Score
Facial Recognition,0.9,0.9000542268189328
Voice Verification,0.85,0.8475135006721365
Product Recommendation,0.75,0.7566024893938632
